GROUP,PACKAGE,CLASS,INSTRUCTION_MISSED,INSTRUCTION_COVERED,BRANCH_MISSED,BRANCH_COVERED,LINE_MISSED,LINE_COVERED,COMPLEXITY_MISSED,COMPLEXITY_COVERED,METHOD_MISSED,METHOD_COVERED
ims,com.qa.ims.controller,ItemController,0,136,0,2,0,35,0,7,0,6
ims,com.qa.ims.controller,Action,119,0,4,0,19,0,7,0,5,0
ims,com.qa.ims.controller,CustomerController,0,113,0,2,0,30,0,7,0,6
ims,com.qa.ims.controller,OrderController,54,80,2,2,15,22,2,6,1,5
ims,com.qa.ims,IMS,156,0,17,0,49,0,16,0,4,0
ims,com.qa.ims,Runner,16,0,0,0,6,0,3,0,3,0
ims,com.qa.ims.persistence.dao,CustomerDAO,62,213,0,2,24,36,0,10,0,9
ims,com.qa.ims.persistence.dao,OrderDAO,145,353,0,6,45,58,1,15,1,12
ims,com.qa.ims.persistence.dao,ItemDAO,62,228,0,2,24,37,0,10,0,9
ims,com.qa.ims.utils,DBUtils,10,158,1,3,3,31,1,12,0,11
ims,com.qa.ims.utils,Utils,79,3,6,0,34,1,9,1,6,1
ims,com.qa.ims.persistence.domain,Order,93,106,8,10,40,26,19,9,12,7
ims,com.qa.ims.persistence.domain,Domain,105,0,2,0,17,0,6,0,5,0
ims,com.qa.ims.persistence.domain,Item,49,102,8,10,23,27,13,10,6,8
ims,com.qa.ims.persistence.domain,Customer,34,97,12,12,16,26,13,9,3,7
